Nombre,Genero,Medallas
ACEVES PEREZ Haidee Viviana,Female,0
ALCAZAR FIGUEROA Matilde Estefania,Female,0
ANDRADE GUILLEN Luis Armando,Male,0
AVILA SANCHEZ Eduardo Adrian,Male,1
Aarn Galindo Rubio,Masculino,0
Abel Vzquez Raa,Masculino,0
Abner Mares Martnez,Masculino,0
Ada Nabila Romn Arroyo,Femenino,1
Adalberto Hernndez,Masculino,0
Adan Jurez Serrano,Masculino,0
Adn Noriega Escartin,Masculino,0
Adolfo Augusto Heriberto Clouthier,Masculino,0
Adolfo Belmonte Heredia,Masculino,0
Adolfo Gonzlez Jimenez,Masculino,0
Adolfo Romero Quiones,Masculino,0
Adrian Maycsell Romero,Masculino,0
Adrian Ponce,Masculino,0
Adriana Angeles Lozada,Femenino,0
Adriana Faviola Corona Garca,Femenino,0
Adriana Fernndez Miranda,Femenino,0
Adriana Rebeca Marmolejo Vargas,Femenino,0
Agustn Alcntara Estrada,Masculino,0
Agustn Jurez,Masculino,0
Agustn Moreno Palmer,Masculino,0
Agustn Ojeda,Masculino,0
Agustn Zaragoza Reyna,Masculino,1
"Albert J. ""Al"" Romero Ybarra",Masculino,0
"Albertina Charlotte ""Nadia"" Boudesoque Noblecourt de Haro Oliva",Femenino,0
Alberto Almanza Gonzlez,Masculino,0
Alberto Bremauntz Monge,Masculino,0
Alberto Capilla Prez,Masculino,0
Alberto Cordoba Alcala,Masculino,0
Alberto Eduard Bienvenu Barajas,Masculino,0
Alberto Enrique Acosta Palma,Masculino,0
Alberto Flix Miranda,Masculino,0
Alberto Garca Castillo,Masculino,0
Alberto Isaac Ahumada,Masculino,0
Alberto Macas Hernndez,Masculino,0
Alberto Michn Halbinger,Masculino,0
Alberto Morales,Masculino,0
Alberto Ramos Sesma,Masculino,1
Alberto Rivera,Masculino,0
"Alberto Valds Ramos, Sr.",Masculino,1
"Alberto Vldes Lacarra, Jr.",Masculino,1
Alberto lvarez Muoz,Masculino,0
Albino Morales Prez,Masculino,0
Alejandra Garza Garza,Femenino,0
Alejandra Llaneza Gmez,Femenino,0
Alejandra Orozco Loza,Femenino,1
Alejandra Ortega Sols,Femenino,0
Alejandra Tern Eligio,Femenino,0
Alejandra Valencia Trujillo,Femenino,0
Alejandra Zavala Vzquez,Femenino,0
"Alejandro ""Alex"" Fernndez",Masculino,0
Alejandro Amezcua Carried,Masculino,0
"Alejandro Christian ""Alex"" Benoit Zurcher",Masculino,0
Alejandro Daniel Islas Arroyo,Masculino,0
Alejandro Echaniz Partida,Masculino,0
Alejandro Gaxiola Robles,Masculino,0
Alejandro Guzmn Arellano,Masculino,0
Alejandro Hernndez Julia,Masculino,0
Alejandro Hernndez Pat,Masculino,0
Alejandro Manuel Crdeas Robles,Masculino,0
Alejandro Orzco,Masculino,0
Alejandro Pea Gallegos,Masculino,0
Alejandro Quiroz Galvez,Masculino,0
Alejandro Renato Yrizar Barranco,Masculino,0
Alejandro Siqueiros Quiroz,Masculino,0
Alejandro Surez Velzquez,Masculino,0
Alejandro Terrones Lpez,Masculino,0
Alessandra Giuseppina Grassi Herrera,Femenino,0
Alexa Citiali Moreo Medina,Femenino,0
Alexis Gabriela Martnez Macas,Femenino,0
Alfonso Antonio Leyva Ypez,Masculino,0
Alfonso Carlos Romo Garza,Masculino,0
Alfonso Garca,Masculino,0
Alfonso Jessel,Masculino,0
Alfonso Jones Kleiner,Masculino,0
Alfonso Ramrez Gutirrez,Masculino,0
Alfonso Stoopen Reyes,Masculino,0
Alfonso Zamora Quiroz,Masculino,1
Alfonso de Gortari,Masculino,0
Alfred Schmidt Ruke,Masculino,0
Alfredo Angulo Lpez,Masculino,0
Alfredo Cuentas,Masculino,0
Alfredo Gaona,Masculino,0
Alfredo Grisi Solrzano,Masculino,0
Alfredo Guzmn Torres,Masculino,0
Alfredo Hernndez Martnez,Masculino,0
Alfredo Jacobo Rodrguez,Masculino,0
Alfredo Lpez Ruiz,Masculino,0
Alfredo Navarrete Guevara,Masculino,0
Alfredo Olvera Gonzlez,Masculino,0
Alfredo Pealoza Carmona,Masculino,0
Alfredo Sauza Martnez,Masculino,0
Alfredo Talavera Daz,Masculino,0
Alfredo Tinoco,Masculino,0
Alicia Crdeas,Femenino,0
Aline Charlotte Olvera Clauzier,Femenino,0
Aline Reich Rincn,Femenino,0
Alma Delia Vzquez,Femenino,0
Alma Rosa Martnez,Femenino,0
Alma Socorro Martnez Toores,Femenino,0
Alonso Heinze Hauser,Masculino,0
Alonso Mariscal Abascal,Masculino,0
Alvaro Garca Taboada,Masculino,0
Amado Media Lara,Masculino,0
Amalia Yubi Uras,Femenino,0
Amilio Rodrguez,Masculino,0
Ana Elena de la Portilla,Femenino,0
Ana Gabriela Bayardo Chan,Femenino,0
Ana Gabriela Guevara Espinoza,Femenino,1
Ana Mara Casas Rivas,Femenino,0
Ana Mendoza Velasco,Femenino,0
Ana Sofa Soberanes Gonzlez,Femenino,0
Ana Yessica Ayala Muoz,Femenino,0
Anastacio Reyes,Masculino,0
Andrea Boltz,Femenino,0
Andrs Bocanegra Martnez,Masculino,0
Andrs Espinosa Prez,Masculino,0
Andrs Gerard Contreras,Masculino,0
Andrs Gmez Domnguez,Masculino,1
Andrs Santoyo Montesios,Masculino,0
Angel Guzman,Masculino,0
Angel Maldonado Campos,Masculino,0
Angel Roldn Cobo,Masculino,0
Angelica Zawadski,Femenino,0
Anglica Gavaldn Loaiza (-Verdieck),Femenino,0
Anglica Larios Delgado,Femenino,0
Anglica Snchez Cauteln,Femenino,0
Ann Margarit Henningsen,Femenino,0
Antonio Alfaro Ramos,Masculino,0
Antonio Ayala Arias,Masculino,0
Antonio Barbet,Masculino,0
Antonio Duque Grza,Masculino,0
Antonio G. Mariscal Abascal,Masculino,0
Antonio Garca Abaunza,Masculino,0
Antonio Gin Hernndez,Masculino,0
Antonio Goeters,Masculino,0
Antonio Haro Oliva,Masculino,0
Antonio Hernndez,Masculino,0
Antonio Hernndez Hernndez,Masculino,0
"Antonio Lus ""Zinha"" Naelson Matas",Masculino,0
Antonio Maurer Ros,Masculino,0
Antonio Nava Castillo,Masculino,1
Antonio Pramo Rodrguez,Masculino,0
Antonio Recamier,Masculino,0
Antonio Rivera Galarza,Masculino,0
Antonio Roldn Reyna,Masculino,1
Antonio Rosado Garca,Masculino,0
Antonio Ruz,Masculino,0
"Antonio Telsforo ""Tony"" Pieda",Masculino,0
Apolonio Castillo Daz,Masculino,0
Arantxa Elizabeth Chvez Muz,Femenino,0
Arcadio Padilla Romero,Masculino,0
Ariadna Medina,Femenino,0
Ariel Mauricio Flores Gmez,Masculino,0
Armando Alfonso Gonzlez,Masculino,0
Armando Barriguete,Masculino,0
Armando Bauche,Masculino,0
Armando Castro,Masculino,0
Armando Chvez,Masculino,0
Armando Fernndez Alatorre,Masculino,0
Armando Fernndez Garca,Masculino,0
Armando Herrera Montoya,Masculino,0
Armando Martnez,Masculino,0
Armando Romero Gil,Masculino,0
Armando Valles Montaez,Masculino,0
Arnoldo Rbago Preciado,Masculino,0
Arnulfo Hernndez,Masculino,0
Arturo Alfonso Gonzlez Gonzlez,Masculino,0
Arturo Barrios Flores,Masculino,0
Arturo Bravo,Masculino,0
Arturo Coste Albaradejo,Masculino,0
Arturo Delgado Nogales,Masculino,0
Arturo Esteban Martnez Rivera,Masculino,0
Arturo Ferrer,Masculino,0
Arturo Figueroa Morales,Masculino,0
Arturo Garca Cruz,Masculino,0
Arturo Garca Tapia,Masculino,0
Arturo Guerrero Moreno,Masculino,0
Arturo Gutirrez,Masculino,0
Arturo Malaquias Delgado,Masculino,0
Arturo Perez Prez Vertti Ferrer,Masculino,0
Arturo Valencia Cadena,Masculino,0
Arturo Villanueva,Masculino,0
Aurelio Terrazas,Masculino,0
Aurora Gonzala Bretn Gmez,Femenino,0
Avelino Sobern,Masculino,0
Aytch Greer Skousen Spilsbury,Masculino,1
Azul Lizeth Almazn Lpez,Femenino,0
BARAJAS BARAJAS Edgar Ismael,Male,0
BARCENAS Perla Patricia,Female,0
Bardomiano Viveros Gutirrez,Masculino,0
Beatriz Camuas,Femenino,0
Belem Guerrero Mndez,Femenino,1
Benito Contreras,Masculino,0
Benito Ramos Ramos,Masculino,0
Benjamn Vencar Paredes Martnez,Masculino,0
Berenice Guzmn Cano,Femenino,0
Bernadette Pujals Cavallo,Femenino,0
Bernardo Olvera Gonzlez,Masculino,0
Bernardo Segura Rivera,Masculino,1
Bertha Baraldi Briseo,Femenino,0
Bibiana Candelas Ramrez,Femenino,0
Blanca Garca,Femenino,0
Blanca Isabel Delgado Plancarte,Femenino,0
Blanca Jaime,Femenino,0
Blanca Luz Barrn Serrano,Femenino,0
Bredni Roque Mendoza,Masculino,0
Brenda Eunice Flores Muoz,Femenino,0
Brenda Vianey Magaa Almaral (-Moya),Femenino,0
CAMACHO RAMIREZ Angel de Jesus,Male,1
CASTILLO CASTILLO Jose de Jesus,Male,0
CASTORENA Arnulfo,Male,1
CASTRO CASTRO Rosa Carolina,Female,1
CERVANTES GARCIA Juan Pablo,Male,1
CHESSANI GARCIA Jose Rodolfo,Male,1
CORAZA CASTANEDA Diana Laura,Female,0
CRISTINO ZAPATA Stefanny Rubi,Female,0
Camilo Romero Mora,Masculino,0
Carlos A. Garces,Masculino,0
Carlos Acosta,Masculino,0
Carlos Aguirre,Masculino,0
Carlos Albert Llorente,Masculino,0
Carlos Alberto Martnez,Masculino,0
Carlos Arena,Masculino,0
Carlos Armando Girn Gutirrez,Masculino,1
Carlos Arnoldo Salcido Flores,Masculino,1
Carlos Barron,Masculino,0
Carlos Borja Morca,Masculino,1
Carlos Braniff Corneso,Masculino,0
Carlos Caldern,Masculino,0
Carlos Casar Fernndez,Masculino,0
Carlos Castro Sedano,Masculino,0
Carlos Cordero Gmez,Masculino,0
Carlos Eduardo Fierro Guerrero,Masculino,0
Carlos Ernesto Cisneros Barajas,Masculino,0
Carlos Fernando Guerra Arias,Masculino,0
Carlos Garca Cuevas,Masculino,0
Carlos Garcs,Masculino,0
Carlos Gonzlez Ferrer,Masculino,0
Carlos Graeff Aguilar,Masculino,0
Carlos Guerrero Martnez,Masculino,0
Carlos Helario Mejia,Masculino,0
Carlos Huttich Moreno,Masculino,0
Carlos Joel Rodrguez Luviano,Masculino,0
Carlos Joel Salcedo Hernndez,Masculino,0
Carlos Jos Gutirrez Padilla,Masculino,0
Carlos Lorenzo Maueco,Masculino,0
Carlos Lpez de Silanes Molina,Masculino,0
Carlos Mario Quintanar Rohana,Masculino,0
Carlos Mercenario Carbajal,Masculino,1
Carlos Mier y Tern,Masculino,0
Carlos Monges Caldera,Masculino,0
Carlos Morfn Nez,Masculino,0
Carlos Orellana,Masculino,0
Carlos Prendes Via,Masculino,0
Carlos Pruneda Fernndez,Masculino,0
Carlos Rodrguez Guerrero,Masculino,0
Carlos Romero Cruz,Masculino,0
Carlos Romo,Masculino,0
Carlos Rtiz Gutirrez,Masculino,0
Carlos Rubn Navarro Valdez,Masculino,0
Carlos T. Curiel Galvn,Masculino,0
Carlos Thompson Durand,Masculino,0
Carlos de Anda Dominguez,Masculino,0
Carlota Ros Laurenzana,Femenino,0
Carolina Mendoza,Femenino,0
Carolina Mendoza Hernndez,Femenino,0
Carolina Rodrguez Gutirrez,Femenino,0
Cecilia Gabriela Prez Flores,Femenino,0
Ceferino Estrada Saucillo,Masculino,0
Cenobio Ruiz,Masculino,0
Cesare Alejandro Snchez Ruz,Masculino,0
Cesreo Victorino Ramrez,Masculino,0
Charetzeni Susana Escobar Torres,Femenino,0
Christian Alexander Schurr Voight,Masculino,0
Chus Cortina,Femenino,0
Ciro Chapa,Masculino,0
Claudia Lorena Hernndez Salas,Femenino,0
Claudia Novelo,Femenino,0
Claudia Rivas Vega,Femenino,0
Claudio Surez Snchez,Masculino,0
Clemente Meja Avila,Masculino,0
Crisanto Grajales Valencia,Masculino,0
Cristian Bejarano Bentez,Masculino,1
Cristina Fink-Sisniega (-Smith),Femenino,0
Cristobal Alejandro Aburto Tinoco,Masculino,0
Cristobal Egerstrom Ericksson,Masculino,0
Csar Augusto Mucio Arvizu,Masculino,0
Csar Borja Pineda,Masculino,0
Csar Herrera,Masculino,0
Csar Jasib Montes Castro,Masculino,0
Csar Morales Velsquez,Masculino,0
Csar Ortz Campos,Masculino,0
Csar Osuna Brambila,Masculino,0
Csar Snchez,Masculino,0
Csar del Rio Gil,Masculino,0
Cuauhtli Tonatiuh  Gutirrez Olguin,Masculino,0
Cuauhtmoc Blanco Bravo,Masculino,0
Cuauthmoc Muoz,Masculino,0
Dagmar Erdman,Femenino,0
Damaris Gabriela Aguirre Aldaz,Femenino,0
Damian lvarez Arcos,Masculino,0
Daniel Aceves Villagrn,Masculino,1
Daniel Armando Ponce de Leon Mndez,Masculino,0
Daniel Bautista Rocha,Masculino,1
Daniel Chvez Cepeda,Masculino,0
Daniel Corral Barrn,Masculino,0
Daniel Escalante,Masculino,0
Daniel Eslava,Masculino,0
Daniel Garca Crdova,Masculino,0
Daniel Gmez Bilbao,Masculino,0
Daniel Gmez Tanamachi,Masculino,0
Daniel Mjica Rapoza,Masculino,0
Daniel Razo Mrquez,Masculino,0
Daniel Vargas Osorio,Masculino,0
Daniel Zaragoza,Masculino,0
Daniel de Jess Vargas Snchez,Masculino,0
Daniela Campuzano Chvez Pen,Femenino,0
Dario Aguilar Gonzlez,Masculino,0
Darvin Francisco Chvez Ramrez,Masculino,1
David Alkon Gruspan,Masculino,0
David Mauricio Mier y Tern Cuevas,Masculino,0
David Meja Hernndez,Masculino,0
David Pimentel McConish,Masculino,0
David Regalado ngel,Masculino,0
David Roberto Brcena Ros,Masculino,1
David Romero Vargas,Masculino,0
David Trejo Snchez,Masculino,0
David Vctor Manuel Sevilla Camacho,Masculino,0
Dborah Weil (-Coldwell-),Femenino,0
Deallado Ral Taln (Talon-),Masculino,0
Debora Oakley Gonzlez,Femenino,0
Delmiro Bernal Contreras,Masculino,0
Demita Vega de Lille,Femenino,0
Denisse Lpez Sing,Femenino,0
Deyanira Angulo Chias,Femenino,0
Diana Encinas Evans,Femenino,0
Didier Meja Esquivel,Masculino,0
Diego Alan del Real Galindo,Masculino,0
Diego Alfonso Martnez Balderas,Masculino,0
Diego Antonio Reyes Rosales,Masculino,1
Diego Garca,Masculino,0
Diego Garca de Len,Masculino,0
Diego Mariscal Abascal,Masculino,0
Dimas Camilo Corts,Masculino,0
Dionicio Cern Pizarro,Masculino,0
Dioselina Valderrama Reyes,Femenino,0
Dolores Hernndez Monzon,Femenino,0
Domingo Coln Martnez,Masculino,0
Domingo Gonzlez Ramirez,Masculino,0
Dora Hilda Hernndez,Femenino,0
Duilio Csar Jean Pierre Davino Rodrguez,Masculino,0
Dulce Mara Rodrguez de la Cruz,Femenino,0
E. Martn Alarcn Isidro,Masculino,0
ECHEVERRIA Omar,Male,0
ENRIQUEZ GONZALEZ Bryan Leonel,Male,0
ESTRADA BERNAL Floralia,Female,0
Edel Ojeda Malpica,Masculino,0
Edgar Alejandro Rivera Morales,Masculino,0
Edgar Chumacero Hernndez,Masculino,0
Edgar Israel Ruiz Burgos,Masculino,0
Edgar Morales de la Rosa,Masculino,0
Edna Guadalupe Carrillo Torres,Femenino,0
Eduardo Alans Guerrero,Masculino,0
Eduardo Ampudia Nio de Rivera,Masculino,0
Eduardo Arrillaga Arjona,Masculino,0
Eduardo Assam Rabay,Masculino,0
Eduardo Avelino Magaa Poot,Masculino,0
Eduardo Castro Almanza,Masculino,0
Eduardo Estrada Ojeda,Masculino,0
Eduardo Garduo Gmez,Masculino,0
Eduardo Graciano Snchez,Masculino,0
Eduardo Higareda Usi,Masculino,0
Eduardo Jimnez,Masculino,0
Eduardo Joaqun Prieto Souza,Masculino,0
Eduardo M. Florez,Masculino,0
Eduardo Moreno,Masculino,0
Eduardo Morillo,Masculino,0
Eduardo Nava Alcantara,Masculino,0
Eduardo Olivera Lastra,Masculino,0
Eduardo Prez,Masculino,0
Eduardo Rergis Pacheco,Masculino,0
Eduardo Rueda Pedroza,Masculino,0
Eduardo Sixtos,Masculino,0
Eduardo Tovar Flores,Masculino,0
Eduardo Uribe,Masculino,0
Eduardo Zazueta Ruiz,Masculino,0
Efrain Loza Barba,Masculino,0
Efrn Fierro Manly,Masculino,0
Eladio Campos Aleman,Masculino,0
Elas Eliseo Emigdio Abarca,Masculino,0
Elas Muoz Rios,Masculino,0
Eliane Fierro,Femenino,0
Eligio Cervantes Islas,Masculino,0
Elisa Fernndez Prez de las Heras (Fernndez-),Femenino,0
Elizabeth Cervantes Quaas,Femenino,0
Elizabeth Patricia Gmez Randall,Femenino,0
Elke Holtz Wedde,Femenino,0
Eloisa Cabada,Femenino,0
Elsa Garca Rodrguez Blancas,Femenino,0
Elsa Tenorio Azpilqueta,Femenino,0
Emeterio Villanueva Barrios,Masculino,0
Emilio Ballado Alvarado,Masculino,0
Emilio Leal Zapata,Masculino,0
Emilio Lpez Enrquez,Masculino,0
Emilio Meraz Segura,Masculino,0
Emma Ruz Velsquez,Femenino,0
Enrique Abaroa Martnez,Masculino,0
Enrique Aguilar Zermeno,Masculino,0
Enrique Alfaro Rojas,Masculino,0
Enrique Aquino Busquets,Masculino,0
Enrique Filoteo Ruiz,Masculino,0
Enrique Garca Bustillos,Masculino,0
Enrique Gonzlez Eduardo,Masculino,0
Enrique Heredia Gambino,Masculino,0
Enrique Jimnez Montellano,Masculino,0
Enrique Luis Labadie,Masculino,0
Enrique Martn del Campo Guerrero,Masculino,0
Enrique Padilla,Masculino,0
Enrique Rabell Fernndez,Masculino,0
Enrique Snchez,Masculino,0
Enrique Torres Vldez,Masculino,0
Enrique Villarreal,Masculino,0
Epigmenio Exiga,Masculino,0
Eric Mergenthaler Hall,Masculino,0
Erica Dittmer Kane,Femenino,0
Erick Osornio Nuez,Masculino,0
Erika Gonzlez Haydee,Femenino,0
Erika Leal Ramrez,Femenino,0
Erika Reyes Evaristo,Femenino,0
Ernesto Bahena,Masculino,0
"Ernesto C. Montemayor Rodrguez, Jr.",Masculino,0
"Ernesto C. Montemayor Rodrguez, Sr.",Masculino,0
Ernesto Canto Gudio,Masculino,1
Ernesto Cisneros Salcedo,Masculino,0
Ernesto Fernndez,Masculino,0
Ernesto Grobet Palacios,Masculino,0
Ernesto Horacio Boardman Lpez,Masculino,0
Ernesto Rios Jimnez,Masculino,0
Ernesto Sota Garca,Masculino,0
Ernesto Vela,Masculino,0
Ernesto de la Rosa Olaez,Masculino,0
Ernesto del Castillo,Masculino,0
Esperanza Emma Girn Olivares,Femenino,0
Esteban Crespo,Masculino,0
Esteban Gerard Contreras,Masculino,0
Estela de la Torre Borja,Femenino,0
Eugenia Escudero Lavat (-Beckhoff),Femenino,0
Eulalia Martnez de Castro,Femenino,0
Eulalio Avila Senz,Masculino,0
Eulalio Ros Alemn,Masculino,0
Eva Alicia Gurrola Ortz,Femenino,0
Eva Yolanda Machuca Villasana,Femenino,0
Evaristo Avalos Galindo,Masculino,0
Ever Jair Palma Olivares,Masculino,0
Everardo A. Hegewisch Arrillaga,Masculino,0
Everardo Mzquiz,Masculino,0
Everardo Rios Pea,Masculino,0
FUENTES YANEZ Edgar Ulises,Male,0
Fabiana Lpez,Femenino,0
Fabin Vzquez Lpez,Masculino,1
Fausto Daniel Garca Navarro,Masculino,0
Federico Alfredo Gamboa,Masculino,0
Federico Antonio Mariscal Abascal,Masculino,0
Federico Arce Granados,Masculino,0
Federico Carlos Fernndez Senderos,Masculino,0
Federico Garza Santos,Masculino,0
Federico Scheffler Spamer,Masculino,0
Federico Serrano,Masculino,0
Federico Vizcarra Carrillo,Masculino,0
Felipe Lian Saldaa,Masculino,0
Felipe Muoz Kapamas,Masculino,1
Felipe Ojeda Menocal,Masculino,0
Felipe de Jess Guzmn Hernndez,Masculino,0
Felix del Canto,Masculino,0
Fernando A. Ortz,Masculino,0
Fernando Blanco Garell,Masculino,0
Fernando Bustos Castaeda,Masculino,0
Fernando Fabricio Platas lvarez,Masculino,1
Fernando Figueroa Rodrguez,Masculino,0
Fernando Hernndez Izquierdo,Masculino,0
Fernando Ortz Monasterio,Masculino,0
Fernando Ramrez,Masculino,0
Fernando Rojas Herrera,Masculino,0
Fernando Scheffler Spamer,Masculino,0
Fernando Senderos Mestre,Masculino,0
Fernando Tiscareo Gonzlez,Masculino,0
Fernando Valles Montaez,Masculino,0
Fernando Walls Armijo,Masculino,0
Fidel Arellano,Masculino,0
Fidel Lua Herrera,Masculino,0
Fidel Negrete Gamboa,Masculino,0
Fidel Ortz Tovar,Masculino,1
Fidel Santander,Masculino,0
Filiberto Fernndez Daz,Masculino,0
Filiberto Manzo Hernndez,Masculino,0
Filiberto Mercado,Masculino,0
Flipe Enrquez Rojas,Masculino,0
Flix Altamirano Medina,Masculino,0
Flix Bcquer Lastra,Masculino,0
Florentino Martnez Lpez,Masculino,0
Francisco Alberto Martnez Ruiz,Masculino,0
Francisco Barba Ordaz,Masculino,0
Francisco Bautista Cuamatzi,Masculino,0
Francisco Bojado Arvalos,Masculino,0
Francisco Bustamente Cruz,Masculino,0
Francisco C. Valero Recio,Masculino,0
Francisco Cabaas Pardo,Masculino,1
Francisco Coronel Romero,Masculino,0
Francisco Costas,Masculino,0
Francisco Domingo Dvila Robledo,Masculino,0
Francisco Eduardo Prieto Lpez,Masculino,0
Francisco Galindo Chvez,Masculino,0
Francisco Garca Moreno,Masculino,0
Francisco Gonzlez Suaste,Masculino,0
Francisco Javier Camacho Gmez,Masculino,0
Francisco Javier Huerta Franco,Masculino,0
Francisco Javier Regalado Menchaca,Masculino,0
Francisco Javier Rodrguez Pinedo,Masculino,0
Francisco Javier Rueda Amezquita,Masculino,0
Francisco Javier Sardo Olmedo,Masculino,0
Francisco Javier Vargas Pelez,Masculino,0
Francisco Jos lvarez,Masculino,0
Francisco Lozano Borgoni,Masculino,0
Francisco M. Ramrez Morales,Masculino,0
Francisco Maciel Garca,Masculino,0
Francisco Martnez Cordero,Masculino,1
Francisco Negrete,Masculino,0
Francisco Quintero Nava,Masculino,0
Francisco Rodrguez Ledesma,Masculino,0
Francisco Rotlln Zavala,Masculino,0
Francisco Serrano Plowells,Masculino,0
Francisco Vzquez de la Torres,Masculino,0
Ftima Leyva Morn,Femenino,0
G. Daz,Masculino,0
GABRIEL BUENAVENTURA Eliezer,Male,0
GARCIA LOPEZ Juan Diego,Male,1
GONZALEZ SAUCEDA Jorge Benjamin,Male,0
GUERRERO CAZARES Rosa Maria,Female,1
GUTIERREZ BERMUDEZ Juan Jose,Male,0
GUTIERREZ BERMUDEZ Raul,Male,0
Gabino Rodrguez Rodela,Masculino,0
Gabriel Altamirano Tames,Masculino,0
Gabriel Cullar,Masculino,0
Gabriel Goldschmied Rodrguez,Masculino,0
Gabriel Hernndez Garca,Masculino,0
Gabriel J. Gracida Jaramillo,Masculino,0
Gabriel Jess Ruz Daz,Masculino,0
Gabriel Mrquez Trejo,Masculino,0
Gabriel Nava,Masculino,0
Gabriela Elizabeth Medina Solrzano,Femenino,0
Gabriela Gaja Cover,Femenino,0
Gabriela Huerta Trillo,Femenino,0
Galdino Flores Valles,Masculino,0
Gayle Bluth McDonald,Masculino,0
Genaro Len Quintero,Masculino,0
Genaro Rojas Trejo,Masculino,0
Geovanni Alessandro Lanaro Mercado,Masculino,0
Gerardo Eugenio Martnez Iben,Masculino,0
Gerardo Miguel Gmez Counahan,Masculino,0
Gerardo Padilla Vallejo,Masculino,0
Gerardo Tazzer Valencia,Masculino,1
German Snchez,Masculino,0
Germn Chvez Martnez,Masculino,0
Germn Fortino Snchez Cruz,Masculino,0
Germn Sal Snchez Snchez,Masculino,2
Germn Silva Martnez,Masculino,0
Germn Villa Castaeda,Masculino,0
Gernimo Enrique Delgadillo,Masculino,0
Gilberto Martnez Fuentes,Masculino,0
Gilberto Romn,Masculino,0
Gilberto Soriano Ramrez,Masculino,0
Gilberto Sosa,Masculino,0
Gilberto Toledano Silva,Masculino,0
Gilda Aranda Rojas,Femenino,0
Giovani dos Santos Ramrez,Masculino,1
Gloria Casales Ortz,Femenino,0
Gloria Inzua,Femenino,0
Gonzalo Pineda Reyes,Masculino,0
Gonzalo Ruz de la Cruz,Masculino,0
Goretti Alejandra Zumaya Flores,Femenino,0
Gregorio Blasco Gonzlez,Masculino,0
Grisel Mendoza Mercado,Femenino,0
Guadaloupe Mara Loma,Femenino,0
Guadalupe Canseco,Femenino,0
"Guadelupe ""Lupita"" Novelo Osuna",Femenino,0
Guillermo A. Rodrguez Silva,Masculino,0
Guillermo Alejandro Hernndez Snchez,Masculino,0
Guillermo Castellanos,Masculino,0
Guillermo Cosio Snchez,Masculino,0
Guillermo Daz Gutirrez,Masculino,0
Guillermo Echevarra Prez,Masculino,0
Guillermo Garca Castillo,Masculino,0
Guillermo Garca Ceballos,Masculino,0
Guillermo Gustavo Balboa Valtierra,Masculino,0
Guillermo Gutirrez,Masculino,0
Guillermo Huet Bobadilla,Masculino,0
Guillermo J. Amparan,Masculino,0
Guillermo Mendoza,Masculino,0
Guillermo Muoz Ronquillo,Masculino,0
Guillermo Prez Sandoval,Masculino,1
Guillermo Spamer M.,Masculino,0
Guillermo Tamez Valdez,Masculino,0
Guillermo Tapia Preciado,Masculino,0
Guillermo Torres,Masculino,0
Guillermo Torres Cervantes,Masculino,0
Guillermo Wagner,Masculino,0
Guillermo Zavala Hidalgo,Masculino,0
Gustavo Adolfo Somohano Winfield,Masculino,0
Gustavo Chapela,Masculino,0
Gustavo Delgado,Masculino,0
Gustavo Huet Bobadilla,Masculino,1
Gustavo Lozano,Masculino,0
Gustavo Olgun Rodrigo,Masculino,0
Gustavo Ramos Hernndez Leyva,Masculino,0
Gustavo Salcedo Islas,Masculino,0
Gustavo Salinas,Masculino,0
Gustavo Zepeda Carranza,Masculino,0
HERNANDEZ GODINEZ Mayra Alejandra,Female,0
HERNANDEZ HERNANDEZ Jesus,Male,1
HERNANDEZ TORRES Karina Amayrani,Female,0
Hctor Abaunza,Masculino,0
Hctor Aizpuro,Masculino,0
Hctor Alvarez Ayala,Masculino,0
Hctor Elizondo Najera,Masculino,0
Hctor Fernando Bustamante Vega,Masculino,0
Hctor Guerrero Delgado,Masculino,0
Hctor Lpez Coln,Masculino,1
Hctor Miguel Herrera Lpez,Masculino,1
Hctor Prez,Masculino,0
Hctor Pulido Rodrguez,Masculino,0
Hctor Rodrguez,Masculino,0
Hctor Sanabria,Masculino,0
Hctor Tapia Garca,Masculino,0
Hctor Ventura Rodrguez,Masculino,0
Hctor Zatarain Romano,Masculino,0
Hector Hugo Zamarron Rangel,Masculino,0
Heike Koerner Romo,Femenino,0
Helen Plaschinski Farca,Femenino,0
Helga Diederichsen Schonbude,Femenino,0
Heraclio Eder Snchez Tern,Masculino,0
Heriberto Anguiano de la Fuente,Masculino,0
Heriberto Daz Ornelas,Masculino,0
Herman Adam Negrete,Masculino,0
Hermann Mergenthaler Hall,Masculino,0
Hermelindo Soto Lpez,Masculino,0
Hermilo Leal Lara,Masculino,0
Herminio F. Ahumada Ortiz,Masculino,0
Hernn Andrade Yaez,Masculino,0
Hilda Amezaga Harfuch,Femenino,0
Hilda Gaxiola Alvrez,Femenino,0
Hiram Ricardo Mier Alans,Masculino,1
Hirving Rodrigo Lozano Bahena,Masculino,0
Homero Laddaga Zozaya,Masculino,0
Horacio Flores Flores,Masculino,0
Horacio Nava Reza,Masculino,0
Horacio Snchez Mrquez,Masculino,0
Horacio de la Vega Flores,Masculino,0
Hubertus Rudolph von Frstenberg-von Hohenlohe-Langenburg,Masculino,0
Hugo Banda Bernal,Masculino,0
Hugo Snchez Guerrero,Masculino,0
Hugo Snchez Mrquez,Masculino,0
Humberto Gutirrez Rodrguez,Masculino,0
Humberto Mariles Corts,Masculino,3
Humberto Medina Villaseor,Masculino,0
Humberto Rodrguez,Masculino,0
Ibone Belausteguigoitia Arocena,Femenino,0
Idulio Islas Gmez,Masculino,0
Ignacio Chavira,Masculino,0
Ignacio Escamilla,Masculino,0
Ignacio Fragoso Galindo,Masculino,0
Ignacio Francisco Caldern Gonzlez,Masculino,0
Ignacio Gutirrez Escoto,Masculino,0
Ignacio Mendoza Franco,Masculino,0
Ignacio Romo Porchas,Masculino,0
Ignacio Vzquez Barba,Masculino,0
Ignacio Zamudio Cruz,Masculino,0
Ignacio de Jesus Prado Jurez,Masculino,0
Ignacio lvarez Prez,Masculino,0
Iker Belausteguigoitia Arocena,Masculino,0
Imelda Martnez Gmez,Femenino,0
Ingrid Drexel Clouthier,Femenino,0
Ingrid Reich Rincn,Femenino,0
Iridia Salazar Blanco,Femenino,1
Iris Adriana Mora Vallejo,Femenino,0
Irma Huerta Martinez,Femenino,0
Irma Lozano Gallo,Femenino,0
Irving Adrin Prez Pineda,Masculino,0
Irving Jaime Aguilar Robles,Masculino,0
Isaac Alfaro Loza,Masculino,0
Isaac Antonio Palma Olivares,Masculino,0
Isabel Nogueira,Femenino,0
Isabel Reuss Gerding,Femenino,0
Ismael Avila,Masculino,0
Ismael Hernndez Avila,Masculino,0
Ismael Marcelo Hernndez Uscanga,Masculino,1
Ismael Mosqueira Castela,Masculino,0
Ismael iguez Gonzlez,Masculino,0
Israel Lpez Hernndez,Masculino,0
Israel Sabdi Jimnez Naez,Masculino,1
Israel Vargas Ziga,Masculino,0
Itzel Adilene Manjarrez Bastidas,Femenino,0
Itzel Reza,Femenino,0
Ivar Sisniega Campbell,Masculino,0
Ivn Alejandro Garca Navarro,Masculino,1
J. Daz,Masculino,0
Jacinto Brito Villegas,Masculino,0
Jacinto Sabinal Romero,Masculino,0
Jahir ngel Ocampo Marroquin,Masculino,0
Jaime Azcrraga Romandia,Masculino,0
Jaime Guerra Piedra,Masculino,0
Jaime Lozano,Masculino,0
Jaime Rivera Rodrguez,Masculino,0
Jaime Velsquez Surez,Masculino,0
Jannet Alegria Pea,Femenino,0
Jashia Judith Luna Alfaro,Femenino,0
Javier Caldern Alfaro,Masculino,0
Javier Careaga Taguea,Masculino,0
Javier Corts Granados,Masculino,1
Javier Daz Gonzlez,Masculino,0
Javier Gonzalo Fragoso Rodrguez,Masculino,0
Javier Guerra Cangas,Masculino,0
Javier Ignacio Aquino Carmona,Masculino,1
Javier Jimnez,Masculino,0
Javier Padilla Olivares,Masculino,0
Javier Peregrina,Masculino,0
Javier Prieto,Masculino,0
Javier Rodrguez Segovia,Masculino,0
Javier Rosas Sierra,Masculino,0
Javier Ruiz Galindo,Masculino,0
Javier Snchez Galindo,Masculino,0
Javier Souza Daz,Masculino,0
Javier Taboada,Masculino,0
Javier Varela Trejo,Masculino,0
Javier Vargas Rueda,Masculino,0
Javier Velzquez,Masculino,0
Jennifer Marie Molina Shea,Femenino,0
Jens Lohmann,Masculino,0
Jernimo Gmez,Masculino,0
Jess A. Toscano Palacios,Masculino,0
Jess Aguirre Delgado,Masculino,0
Jess Alberto Perales Gonzlez,Masculino,0
Jess Alfonso Elizondo Njera,Masculino,0
Jess Antonio Almada Flix,Masculino,0
Jess Enrique Conde Medina,Masculino,0
Jess Flores Alba,Masculino,0
Jess Francisco Gonzlez Cisneros,Masculino,0
Jess Garca Arenas,Masculino,0
Jess Gmez Portugal Montenegro,Masculino,1
Jess Guillermo Davila Quijano,Masculino,0
Jess Herrera,Masculino,0
Jess Huerta Ramrez,Masculino,0
Jess Loya,Masculino,0
Jess Luis Flores,Masculino,0
Jess Martnez Tejeda,Masculino,0
Jess Mena Campos,Masculino,1
Jess Moraila Morales,Masculino,0
Jess Olmos Moreno,Masculino,1
Jess Reynold Rangel Hernndez,Masculino,0
Jess Rico Espejel,Masculino,0
Jess Rios,Masculino,0
Jess Salvador Medina Moreno,Masculino,0
Jess Sarabia Romero,Masculino,0
Jess Snchez Gonzlez,Masculino,0
Jess Snchez Hernndez,Masculino,0
Jess Tello Vazquez,Masculino,0
Jess Vzquez Medina,Masculino,0
Jess Zrate,Masculino,0
Jesse Prudente Ruz Flores,Masculino,0
Joaquin Orth Balschat,Masculino,0
Joaqun Capilla Prez,Masculino,4
Joaqun Gmez Gurza,Masculino,0
Joaqun Hermida Torres,Masculino,0
Joaqun Hernndez Garca,Masculino,0
Joaqun Madrigal Polanco,Masculino,0
Joaqun Prez de las Heras,Masculino,2
Joaqun Rocha Herrera,Masculino,1
Joaqun Solano Chagoya,Masculino,1
Joel Snchez Guerrero,Masculino,1
John Alexander Hatch Bluth,Masculino,0
Jol Ignacio Calva Vazquez ,Masculino,0
Jorge Adalberto Olvera Gonzlez,Masculino,0
Jorge Alarcn Gmez,Masculino,0
Jorge Alejandro Barajas Gonzlez,Masculino,0
Jorge Antonio Urreta Merino,Masculino,0
Jorge Bada y Snchez,Masculino,0
Jorge Cardiel Gaytn,Masculino,0
Jorge Carral Armella,Masculino,0
Jorge Castaeda Reyes,Masculino,0
Jorge Castillejos Esser,Masculino,0
Jorge Castillo Flores,Masculino,0
Jorge Castro Valdes,Masculino,0
Jorge Coste,Masculino,0
Jorge Eduardo Ballesteros,Masculino,0
Jorge Emmanuel Torres Nilo,Masculino,0
Jorge Enrique Pablo Miguel Roesler Froemberg,Masculino,0
Jorge Enrquez Garca,Masculino,1
Jorge Escalante Larrauri,Masculino,0
Jorge Francisco Campos Navarrete,Masculino,0
Jorge Frias,Masculino,0
Jorge Gudio Goya,Masculino,0
Jorge Lpez Malo Lorenzana,Masculino,0
Jorge Lus Quiones Jazo,Masculino,0
Jorge Mondragn Vzquez,Masculino,0
Jorge Pablo Chapoy Bosque,Masculino,0
Jorge R. Flores,Masculino,0
Jorge Rodrguez Navarro,Masculino,0
Jorge Rosado,Masculino,0
Jorge Ruiz Aguilar,Masculino,0
Jorge S. Aguirre Martin,Masculino,0
Jorge Telch,Masculino,0
Jorge Tern Hernndez,Masculino,0
Jos Agustn Morales Mota,Masculino,0
Jos Alberto Guadarrama Montecillo,Masculino,0
Jos Alfonso Castaeda Jimnez,Masculino,0
Jos Andrs Anchondo Garca,Masculino,0
Jos Antonio Chedraui Eguia,Masculino,0
Jos Antonio Duran Aguirre,Masculino,0
Jos Antonio Medina Pegram,Masculino,0
Jos Antonio Prud'homme Sordo,Masculino,0
Jos Antonio Romero Casales,Masculino,0
Jos Arturo Cambroni,Masculino,0
Jos Arturo Santos Reyes,Masculino,0
Jos Bernardo Hernndez Villaseor,Masculino,0
Jos Carlos Bru Villareal,Masculino,0
Jos Carlos Herrera Vargas,Masculino,0
Jos Cartas,Masculino,0
Jos Claudio Martnez Zorrilla y Schneider,Masculino,0
Jos Clemente ngel Orozco Flores,Masculino,0
Jos Daniel Alba Alba,Masculino,0
Jos David Galvn Martnez,Masculino,0
Jos David Rangel Torres,Masculino,0
Jos E. Garces,Masculino,0
Jos Ernani Palalia Ramrez,Masculino,0
Jos Everardo Cristbal Quirino,Masculino,0
Jos Felipe Ruvalcaba Cisneros,Masculino,0
Jos Francisco Contreras,Masculino,0
Jos Francisco Prez Anguiano,Masculino,0
Jos Garca Gaspar,Masculino,0
Jos Gerardo Alcala Garca,Masculino,0
Jos Gmez Cervantes,Masculino,0
Jos Goldschmied Stoupignan,Masculino,0
Jos Gonzlez,Masculino,0
Jos Guadalupe Alanis Tamez,Masculino,0
Jos Guadalupe de la Torre Gonzlez,Masculino,0
Jos Guadelupe Cebreros,Masculino,0
Jos Isidro Rico Rangel,Masculino,0
Jos Ivn Ortega Enrquez,Masculino,0
Jos Javier Abella Fanjul,Masculino,0
Jos Joaqun Santibez Andalon,Masculino,0
Jos Joel Sotelo Villalobos,Masculino,0
Jos Leyver Ojeda Blas,Masculino,0
Jos Lino Montes Gngora,Masculino,0
Jos Luclo Iturbe Arechiga,Masculino,0
Jos Luis Aussn Surez,Masculino,0
Jos Luis Caballero Flores,Masculino,0
Jos Luis Castaeda,Masculino,0
Jos Luis Dvalos Noriega,Masculino,0
Jos Luis Espinosa Mares,Masculino,0
Jos Luis Gonzlez Davila,Masculino,0
Jos Luis Martell Flores,Masculino,0
Jos Luis Morales Manjarrez,Masculino,0
Jos Luis Partida Espinoza,Masculino,0
Jos Luis Prado Medel,Masculino,0
Jos Luis Prez Soto,Masculino,1
Jos Luis Prez Valencia,Masculino,0
Jos Luis Rion,Masculino,0
Jos Luis Rocha,Masculino,0
Jos Luis Rodrguez Peralta,Masculino,0
Jos Luis Snchez Castillo,Masculino,0
Jos Luis Tellez Gonzlez,Masculino,0
Jos Luis Trejo Montoya,Masculino,0
Jos Luis Vsquez,Masculino,0
Jos Luis Zertuche Chvez,Masculino,0
Jos Luis lvarez Alvarez,Masculino,0
Jos Madariaga Micheli,Masculino,0
Jos Manuel Abundis Sandoval,Masculino,0
Jos Manuel Martnez Rebollar,Masculino,0
Jos Manuel Youshimatz Sotomayor,Masculino,1
Jos Manuel lvarez,Masculino,0
Jos Mara Lozano,Masculino,0
Jos Mara Mascaro Sacristan,Masculino,0
Jos Mario Carrillo Zamudio,Masculino,0
Jos Martn Castillo Garca,Masculino,0
Jos Martnez Santana y Ferrer,Masculino,0
Jos Maurer Rios,Masculino,0
Jos Mercado Escareo,Masculino,0
Jos Mercado Luna,Masculino,0
Jos Miguel Huacuja Mercadillo,Masculino,0
Jos Miguel Ortega Casanova,Masculino,0
Jos Miguel Vasconcelos Grath,Masculino,0
Jos Morales Mendza,Masculino,0
Jos N. Martnez Garza,Masculino,0
Jos Nozari Espinoza,Masculino,0
Jos Olgun Rodrigo,Masculino,0
Jos Oliveros de la Torre,Masculino,0
Jos Pamplona Lecuanda,Masculino,1
Jos Pedraza Ziga,Masculino,1
Jos Pioquinto Soto Villanueva,Masculino,0
Jos Prez Allende,Masculino,0
Jos Prez Mier,Masculino,0
Jos Rafael Garca Torres,Masculino,0
Jos Ramn Ferrer Cruz,Masculino,0
Jos Refugio Gonzlez Cabrera,Masculino,0
Jos Reyes Rodrguez Mireles,Masculino,0
Jos Rojas Herrera,Masculino,0
Jos Rosario lvarez Garca,Masculino,0
Jos Rubn Almanzor Martnez,Masculino,0
Jos Salvador Meneses Rentera,Masculino,0
Jos Salvador Miranda Daz,Masculino,0
Jos Socorro Neri Valenzuela,Masculino,0
Jos Torres,Masculino,0
Jos Urueta Flores,Masculino,0
Jos Vctor Cervantes Oropeza,Masculino,0
Jos Vilchis,Masculino,0
Jos de Jess Arellano Alcocer,Masculino,0
Jos de Jess Corona Rodrguez,Masculino,1
Jos de Jess Garca,Masculino,0
Jos de Jess Robinson Gonzlez,Masculino,0
Jos de la Cruz Cabrera Gandera,Masculino,0
Jos lvarez Crespo,Masculino,0
Jos ngel Talavera Jurez,Masculino,0
Joselito Velzquez Altamirano,Masculino,0
"Joshua ""Josh"" Ilika Brenner",Masculino,0
Josu Santos de Leon,Masculino,0
Juan Alans Guerrero,Masculino,0
"Juan Alberto ""Ibarra"" Rodrguez Ibarra",Masculino,0
Juan Armando Quintanilla Loredo,Masculino,0
Juan Bostelmann Willerer,Masculino,0
Juan Botella Medina,Masculino,1
Juan Bueno Castellanos,Masculino,0
Juan Caldern del Valle,Masculino,0
Juan Carlos Cabrera Prez,Masculino,0
Juan Carlos Manjarrez Godnez,Masculino,0
Juan Carlos Romero Bernal,Masculino,0
Juan Carreo Sandoval,Masculino,0
Juan Diego Estrada Constantino,Masculino,0
Juan Escutia,Masculino,0
Juan Fabila Mendoza,Masculino,1
Juan Flores,Masculino,0
Juan Francisco Garca Guerrero,Masculino,0
Juan Francisco Palencia Hernndez,Masculino,0
Juan Gerardo de la Garza Tenorio,Masculino,0
Juan Gracia Zazueta,Masculino,1
Juan Ignacio Basaguren Garca,Masculino,0
Juan Jess Gutirrez Valln,Masculino,0
Juan Jos Castilla Ramos,Masculino,0
Juan Jos Sinz Trapaga,Masculino,0
Juan Jos Veloz Dvila,Masculino,0
Juan Lanz Muller,Masculino,0
Juan Lpez Lpez,Masculino,0
Juan Luis Barrios Nieves,Masculino,0
Juan Manuel Alejndrez Rodrguez,Masculino,0
Juan Manuel Durn Guterrez,Masculino,0
Juan Manuel Garca Moreno,Masculino,0
Juan Manuel lvarez lvarez,Masculino,0
Juan Martnez Lpez,Masculino,0
Juan Maximo Martnez,Masculino,0
Juan Morales Rodrguez,Masculino,0
Juan Pablo Garca Contreras,Masculino,0
Juan Pablo Lpez,Masculino,0
Juan Pablo Romero Marn,Masculino,0
Juan Paredes Miranda,Masculino,1
Juan Pedro Toledo Domnguez,Masculino,0
Juan Ral Crdenas de la Vega,Masculino,0
Juan Ramn Virgen Pulido,Masculino,0
"Juan Ren ""Juanjo"" Serrano Gutirrez",Masculino,0
Juan Roberto Redon Tavera,Masculino,0
Juan Terrazas,Masculino,0
Juan Trejo Cid,Masculino,0
Juan Yaez Resendiz,Masculino,0
Juan de Dios Navarro Ramrez,Masculino,0
Juan de Landa,Masculino,0
Juan lvaro Jos Gaxiola Robles,Masculino,1
Juan-Carlos Elizondo,Masculino,0
Juana Evelyn Lpez Luna,Femenino,0
Julieta Isabel Toledo Ames,Femenino,0
Julieta Senz de Sicilia,Femenino,0
Julin Ayala Navarrete,Masculino,0
Julin Isaac Snchez Gallegos,Masculino,0
Julio Cepeda Garza,Masculino,0
Julio Csar Gonzlez Ibarra,Masculino,0
Julio Csar Salazar Enrquez,Masculino,0
Julio Herrera,Masculino,0
Julio Mller Lujn,Masculino,1
Julio Mungua,Masculino,0
Justo Fernndez,Masculino,0
Juventino Snchez Gaytan,Masculino,0
Karem Faride Achach Ramrez,Femenino,0
Karina Prez Delgado,Femenino,0
Karla Gutirrez Athensburg,Femenino,0
Karla Marlene Snchez Rodrguez,Femenino,0
Kenia Vanessa Lechuga Alanis,Femenino,0
LOPEZ DIAZ Diego,Male,1
LOPEZ VALDES Luz Kerena,Female,0
Laura Aleida Snchez Soto,Femenino,1
Laura Rebeca Vaca Hernndez,Femenino,0
Laura Rivera Rodrguez,Femenino,0
Laura Snchez Rodrguez,Femenino,0
Laura del Carmen Moreno Garza,Femenino,0
Lawrence Langowski Mendoza,Masculino,0
Leobardo Candiani Hernndez,Masculino,0
Leonardo Basurto Padilla,Masculino,0
Leonardo Cullar Rivera,Masculino,0
Leonardo Lavalle Moreno,Masculino,0
Leonardo Salinas Saldaa,Masculino,0
Leonor Urueta Flores,Femenino,0
Leopoldo Martnez,Masculino,0
Leopoldo Reyna,Masculino,0
Liborio Romero Romero,Masculino,0
Lidia Ramrez Gmez,Femenino,0
Lila Prez-Rul Rivero,Femenino,0
Liliana Allen Doll (-de Martnez),Femenino,0
Liliana Ibez Lpez,Femenino,0
Lilin Leal Ramrez,Femenino,0
Linda Bjar,Femenino,0
Lindolfo Delgado Garza,Masculino,0
Lino Muoz Mandujano,Masculino,0
Lizeth Rueda Santos,Femenino,0
Long Yuan Miguel Gutirrez Feng,Masculino,0
Lorenzo Delgado,Masculino,0
Lorenzo Manuel Porfirio Elzaga y Romero Rubio,Masculino,0
Lorenzo Reyes Reyes,Masculino,0
Lorenzo Villaseor Parra,Masculino,0
Lourdes Candini,Femenino,0
Lourdes Lozano Rodrguez,Femenino,0
Lourdes Olivera Martnez,Femenino,0
Lourdes Roldn Reyna,Femenino,0
Luciano Solis,Masculino,0
Luis Adrin Tams Perea,Masculino,0
Luis Alberto Lpez Ghigliazza,Masculino,0
Luis Alberto Rivera Morales,Masculino,0
Luis Andrs Carrasco Arena,Masculino,0
Luis Angel Acosta,Masculino,0
Luis Antonio lvarez Murillo,Masculino,0
Luis Arredondo Cepeda,Masculino,0
Luis Casllas Rodrguez,Masculino,0
Luis Cerrilla,Masculino,0
Luis Eduardo Vlez Snchez,Masculino,0
Luis Enrique Grajeda Alvarado,Masculino,0
Luis Ernesto Prez Gmez,Masculino,0
Luis Estrada Luvanos,Masculino,0
Luis Garca Postigo,Masculino,0
Luis Guzmn Martnez,Masculino,0
Luis Hernndez,Masculino,0
Luis Ignacio de la Vega Leija,Masculino,1
Luis Jimnez Pea,Masculino,0
Luis Karin Toledo Cuesta,Masculino,0
Luis Lozano Lozano,Masculino,0
Luis Miguel Garca Delgado,Masculino,0
Luis Mucio,Masculino,0
Luis Nio de Rivera,Masculino,0
Luis Razo Luna y Parra,Masculino,0
Luis Regueiro Urquiola,Masculino,0
Luis Ricardo Escobar Torres,Masculino,0
Luis Rosendo Ramos Maldonado,Masculino,0
Luis Stephens Margolis,Masculino,0
Luis Zrate,Masculino,0
Lus Enrique Lemus Dvila,Masculino,0
Luz Mercedes Acosta Valdez,Femenino,0
Luz del Rosario Saucedo Soto,Femenino,0
MARTINEZ MARISCAL Daniela Andrea,Female,0
MIRANDA HERRERA Nely,Female,1
MOLINA Samuel,Male,0
MUNOZ MALAGON Michel,Male,0
Macarena Alexanderson lvarez,Femenino,0
Madai Prez Carrillo,Femenino,0
Magali Yaez Canchola,Femenino,0
Magda Bruggemann Schmidt,Femenino,0
Magdaleno Cano,Masculino,0
"Manuel ""Manolo"" Raga Navarro",Masculino,0
Manuel Bernardo Sol Saudo,Masculino,0
Manuel Borja Garcia,Masculino,0
Manuel Castro Aparicio,Masculino,0
Manuel Cid,Masculino,0
Manuel Cortina Martnez,Masculino,0
Manuel Cruz,Masculino,0
Manuel Daz Cruz,Masculino,0
Manuel Fernndez Pazcka,Masculino,0
Manuel Manzo Ortega,Masculino,0
Manuel Marcelino Salas Maravilla,Masculino,0
Manuel Mateos de la Rosa,Masculino,0
Manuel Mendvil Yocupicio,Masculino,1
Manuel Noriega Escartin,Masculino,0
Manuel Ponce,Masculino,0
Manuel Pradillo Ortega,Masculino,0
Manuel Senz Rodrguez,Masculino,0
Manuel Solis Archundia,Masculino,0
Manuel Verde Rios,Masculino,0
Manuel Vidrio Sols,Masculino,0
Manuel Villareal Carranza,Masculino,0
Manuel Villegas Bouchez,Masculino,0
Manuel de J. Solis,Masculino,0
Mara Antonieta Hernndez Castao,Femenino,0
Mara Antonieta Urbina,Femenino,0
Mara Cecilia Vargas Santana,Femenino,0
Mara Elena Ramrez,Femenino,0
Mara Elena Romero Lpez,Femenino,0
Mara Faustina Enriqueta Mayora Dueas,Femenino,0
Mara Fernanda Gonzlez Ramrez,Femenino,0
Mara Fernanda de la Fuente Torre,Femenino,0
Mara Francisca de Gutirrez,Femenino,0
"Mara Gabriela ""Gaby"" Lpez Butron",Femenino,0
Mara Graciela Mendoza Barrios,Femenino,0
Mara Guadalupe Gonzlez Romero,Femenino,1
Mara Guadalupe Snchez Gmez,Femenino,0
Mara Guadalupe Snchez Magaa,Femenino,0
Mara Ibaez Lpez,Femenino,0
Mara Jos Alcal Izguerra,Femenino,0
Mara Luisa Morales,Femenino,0
Mara Luisa Ronquillo,Femenino,0
Mara Luisa Servn Ortz,Femenino,0
Mara Luisa Souza,Femenino,0
Mara Romary Rifka Gonzlez,Femenino,0
Mara Soledad Rivera Berrueto,Femenino,0
Mara Soto Uribe Jasso,Femenino,0
Mara Teresa Adames,Femenino,0
Mara Teresa Ramrez Gmez,Femenino,1
Mara Theresa Galindo Mata,Femenino,0
Mara Trujillo Tenorio de Rios,Femenino,0
Mara de Lourdes Montoya Castorena,Femenino,0
Mara del Carmen Crdeas,Femenino,0
Mara del Carmen Daz Mancilla,Femenino,0
Mara del Carmen Rodrguez,Femenino,0
Mara del Pilar Roldn Tapia (-de Gifennig),Femenino,1
Mara del Rosario Ballesteros,Femenino,0
Mara del Rosario Espinoza Espinoza,Femenino,3
Mara del Rosario Snchez Guerrero,Femenino,0
Marano Bucio Ramrez,Masculino,0
Marano Lozano y Alatorre,Masculino,0
Marcela Lobo Prez-Maldonado,Femenino,0
Marcelino Coln Martnez,Masculino,0
Marcelo Hoyo,Masculino,0
Marcia Arriaga Larrinua,Femenino,0
Marco Antonio Bueno Ontiveros,Masculino,0
Marco Antonio Zaragoza Flores,Masculino,0
Marco Jhonfai Fabin de la Mora,Masculino,1
Marcos Barreto Luis,Masculino,0
Marcos Gerard Jolly,Masculino,0
Marcos Heliud Pulido Rodrguez,Masculino,0
Marcos Madrid Mantilla,Masculino,0
Margarita Hernndez Flores,Femenino,0
Margarita Nava de G.,Femenino,0
Margarita Pasos Monsalvo,Femenino,0
Margarita Tapia Garca,Femenino,0
Margarito Pomposo Baos,Masculino,0
Maria Xchitl Escobedo Alcalde,Femenino,0
Maria de Jess Castillo Nicasio,Femenino,0
Mariana Aneth Cifuentes Castro,Femenino,0
Mariana Avitia Martnez,Femenino,1
"Mariano ""Mario"" Gonzlez Lugo",Masculino,1
Mariano I. Aguilar,Masculino,0
Maribel Guadelupe Domnguez Casteln,Femenino,0
Maricela Aurora Chvez Reyes,Femenino,0
Maricela Cant Mata,Femenino,0
Mario Alberto Arteaga Herrera,Masculino,0
Mario Becerril Serrano,Masculino,0
Mario Casass Altamirado,Masculino,0
Mario Cuevas,Masculino,0
Mario Gmez Daza,Masculino,0
Mario Gonzlez Aguilera,Masculino,0
Mario Ivn Flores Hernndez,Masculino,0
Mario Pani,Masculino,0
Mario Pea Maldonado,Masculino,0
Mario Prez Guadarrama,Masculino,0
Mario Prez Saldivar,Masculino,0
Mario Prez Zuiga,Masculino,0
Mario Santibez,Masculino,0
Mario Serrano Escobar,Masculino,0
Mario Snchez Huerta,Masculino,0
Mario Snchez Toscano,Masculino,0
Mario Tovar Gonzlez,Masculino,0
Marisol Bretn Lpez,Femenino,0
Marisol Guadalupe Romero Rosales,Femenino,0
Marlene Bruten Durst,Femenino,0
Martha Aurora Garca Mayo,Femenino,0
Martn Amarillas,Masculino,0
Martn Bermdez Mendoza,Masculino,0
Martn Mondragn,Masculino,0
Martn Pitayo Martnez,Masculino,0
Mauricio Gonzlez,Masculino,0
Mauricio Hernndez Snchez,Masculino,0
Mauricio Mata,Masculino,0
Mauricio Ocampo Esparza,Masculino,0
Mauricio Toscano,Masculino,0
Mauro Alans Gonzlez,Masculino,0
Maximiliano Aguilar Salazar,Masculino,0
Mayda Navarro,Femenino,0
Mayra Aide Garca Lpez,Femenino,0
Mayra Marcela Gonzlez Maldonado,Femenino,0
Mayra Yaratzeth Huerta Hernndez,Femenino,0
Melany Michelle Hernndez Torres,Femenino,0
Melesio Pia Oregel,Masculino,0
Melesio Soto Soto,Masculino,0
Mercedes Romn Casillas,Femenino,0
Michael Prez Ortz,Masculino,0
Miguel Alejandro Camberos Fitch,Masculino,0
Miguel Angel Barrenechea,Masculino,0
Miguel Angel Cruz,Masculino,0
Miguel Angel Gonzlez,Masculino,0
Miguel Angel Gonzlez Davila,Masculino,0
Miguel Angel Medina Gutierrez,Masculino,0
Miguel Angel Zavala,Masculino,0
Miguel Araico lvarez,Masculino,0
Miguel Arellano Moreno,Masculino,0
Miguel C. Elizondo Navarrete,Masculino,0
Miguel Fernando Rbago Preciado,Masculino,0
Miguel Fuentes Miranda,Masculino,0
Miguel Galvn Mea,Masculino,0
Miguel Prez,Masculino,0
Miguel Ruiz Daz,Masculino,0
Miguel Santisteban,Masculino,0
Miguel ngel Ponce Briseo,Masculino,1
Miguel ngel Reyes Varela,Masculino,0
Miguel ngel Rodrguez Gallegos,Masculino,0
"Miroslaw ""Mirek"" Switalski",Masculino,0
Misael Uziel Rodrguez Olivas,Masculino,1
Mnica Equihua Solarzano,Femenino,0
Mnica Patricia Domnguez Lara,Femenino,0
Mnica Patron,Femenino,0
Mnica Vergara Rubio,Femenino,0
Modesto Martnez Ramos,Masculino,0
Moises Lpez Morales,Masculino,0
Moises Lpez Ruiz,Masculino,0
Moiss Aldape Chvez,Masculino,0
Monica Christine Gonzlez Canales,Femenino,0
Monica Deyhanira del Real Jaime,Femenino,0
NAVARRO SANCHEZ Edgar Cesareo,Male,0
Nabor Castillo Prez,Masculino,0
Nallely Vela Rascn,Femenino,0
Nancy Gutierrez Vzquez,Femenino,0
Nancy Llarely Contreras Reyes,Femenino,0
Nara Lorena Falcn Artega,Femenino,0
Narciso Gonzlez Rosano,Masculino,0
Natalia Zamora Lara,Femenino,0
Nataly de la Luz Michel Silva,Femenino,0
Nestor Emmanuel Orellana Hernndez,Masculino,0
Nicolas Villareal Snchez,Masculino,0
Nicols Alejandro Pizarro Surez Martnez,Masculino,0
Nicols Arredondo Ibez,Masculino,0
Nicols Reyero Manrique,Masculino,0
Nieves Hernndez,Masculino,0
Nilo Dzib Poot,Masculino,0
No Hernndez Valentn,Masculino,1
Noel Medardo Gutirrez Rodrguez,Masculino,0
Nora Leticia Rocha de la Cruz,Femenino,0
Norma Amezcua Guajardo,Femenino,0
Norma Baraldi Briseo,Femenino,0
Norma Enriqueta Basilio Sotelo,Femenino,0
Nstor Vicente Vidrio Serrano,Masculino,1
Nuria Lidn Diosdado Garca,Femenino,0
Nuria Ortz Campos,Femenino,0
OCHOA DELGADO Leticia,Female,0
ORTIZ HERNANDEZ Maria de los Angel.,Female,0
ORTIZ MONROY Erick,Male,0
OSNAYA ALVAREZ Brenda,Female,0
Octavio Robles,Masculino,0
Olegario Vzquez Raa,Masculino,0
Olga Avalos-Appell,Femenino,0
Olga Belmar Bohigas,Femenino,0
Olga Larissa Vargas Len,Femenino,0
Olivia Gonzlez Prez,Femenino,0
Omar Bravo Tordecillas,Masculino,0
Omar Bustani Barrientos,Masculino,0
Omar Segura Mendoza,Masculino,0
Omar Zepeda de Lon,Masculino,0
Oribe Peralta Morones,Masculino,1
Orlando Ventura Rodrguez,Masculino,0
Oscar Enrique Huacuja Mercadillo,Masculino,0
Oscar Familiar Trujillo,Masculino,0
Oscar Lozano Soto,Masculino,0
Oscar Ortz,Masculino,0
Otilio Alberto Olgun Rodrigo,Masculino,0
Otto Plettner Schn,Masculino,0
PEDROZA LUNA Francisco Alejandro,Male,0
PEREZ Amalia,Female,1
PEREZ JUAREZ Leonardo de Jesus,Male,1
PEREZ VILLALBA Claudia,Female,0
Pablo Coln Martnez,Masculino,0
Pablo Garrido Lugo,Masculino,0
Pablo Olmedo Castaon,Masculino,0
Pablo Zierold Reyes,Masculino,0
Pamela Tajonar Alonso,Femenino,0
Paola Milagros Espinosa Snchez,Femenino,2
Pascual Gutirrez Maza,Masculino,0
Patrice Martell Spitalier,Masculino,0
Patricia Garca Pureco,Femenino,0
Patricia Kohlmann Hackl,Femenino,0
Patricia M. Nava Isherwood,Femenino,0
Patricia Midori Castaeda Miyamoto,Femenino,0
Patricia Obregn,Femenino,0
Patricia Ollinger Velazquez,Femenino,0
Patricia Prez Pea,Femenino,0
Patricia Rtiz Gutirrez,Femenino,0
Patricia Vila Islas,Femenino,0
Patricia Villareal Vargas,Femenino,0
Patrick Alexandre Ernst Loliger Salas,Masculino,0
Paulino Daz Carrillo,Masculino,0
Pedro Abraham Rangel Hernndez,Masculino,0
Pedro Aroche de los Monteros,Masculino,0
Pedro Curiel,Masculino,0
Pedro Daniel Gmez Cruz,Masculino,0
Pedro Mercado,Masculino,0
Pedro Miranda Noguez,Masculino,0
Pedro P. Ortz,Masculino,0
Pedro Pablo Silveira,Masculino,0
Pedro Pieda Deras,Masculino,0
Pedro Suinaga,Masculino,0
Pilar Ramrez Laguna,Femenino,0
Placido Herrera Briones,Masculino,0
Ponciano Contreras Gonzlez,Masculino,0
Porfirio Becerril,Masculino,0
Porfirio Remigio Rivera,Masculino,0
Procopio Franco Hernndez,Masculino,0
Procopio Ortz Reyes,Masculino,0
Pvel Pardo Segura,Masculino,0
RAMIREZ Fabiola,Female,1
RAMOS HERNANDEZ Mario Santana,Male,0
REYES TURCIO Victor Eduardo,Male,0
RODRIGUEZ SAAVEDRA Monica Olivia,Female,1
RUIZ CASTRO Jose Roman,Male,0
RUVALCABA ALVAREZ Lenia Fabiola,Female,1
Radams Eliud Trevio Llanas,Masculino,0
Rafael Armando Rueda Garca,Masculino,0
Rafael Azpeitia Lpez,Masculino,0
Rafael Carpio Surez,Masculino,0
Rafael Cmara Anaya,Masculino,0
Rafael Garza Gutirrez,Masculino,0
Rafael Gonzlez de la Vega,Masculino,0
Rafael Heredia Estrella,Masculino,0
Rafael Hernndez Rojas,Masculino,0
Rafael Mrquez Lugo,Masculino,0
Rafael Palomar,Masculino,0
Rafael Rocha Ramirez,Masculino,0
Rafael Tadeo Palomares,Masculino,0
Rafael Toribio Arzate,Masculino,0
Rafael Vaca Vldez,Masculino,0
Rafael Velasco Poblano,Masculino,0
Rafal Cal y Mayor,Masculino,0
Rafel Aveleyra,Masculino,0
Ral Alanis Guerrero,Masculino,0
Ral Alcal Gallegos,Masculino,0
Ral Alonso Jimnez Rodrguez,Masculino,1
Ral Arellano Gallo,Masculino,0
Ral Campero Nez,Masculino,1
Ral Castaeda,Masculino,0
Ral Chvez de la Rosa,Masculino,0
Ral Cicero Sabido,Masculino,0
Ral Fernndez Robert,Masculino,1
Ral Foullon,Masculino,0
Ral Garca Mndez,Masculino,0
Ral Gonzlez Rodrguez,Masculino,2
Ral Guzmn Torres,Masculino,0
Ral Ibarra Zapata,Masculino,0
Ral Lpez,Masculino,0
Ral Lpez Gmez,Masculino,0
Ral Macas Guevara,Masculino,0
Ral Nieto,Masculino,0
Ral Rodrigo Lara Tovar,Masculino,0
Ral Villagmez,Masculino,0
Ralph Heinze Flamand,Masculino,0
Ramiro Estrada,Masculino,0
Ramiro Goben Reducindo Radilla,Masculino,0
Ramn Bravo Prieta,Masculino,0
Ramn Meja Ramrez,Masculino,0
Raymundo Escalante Wong,Masculino,0
Raymundo Izcoa,Masculino,0
Ren Ahumada Rodrguez,Masculino,0
Ren Arredondo Cepeda,Masculino,0
Ren Muiz Soberanes,Masculino,0
Renata Hernndez S.,Femenino,0
Ricardo Acua,Masculino,0
"Ricardo Antonio ""Rico"" Pontvianne Jimnez",Masculino,0
Ricardo Arguello,Masculino,0
Ricardo Cadena Martnez,Masculino,0
Ricardo Cervantes Garca Rojas,Masculino,0
Ricardo Chapa Galaviz,Masculino,0
Ricardo David Vargas Jacobo,Masculino,0
Ricardo Delgado Nogales,Masculino,1
Ricardo Garca Peralta,Masculino,0
Ricardo Guasch de la Huertas,Masculino,0
Ricardo Marmolejo lvarez,Masculino,0
Ricardo Montemayor Valds,Masculino,0
Ricardo Ramos Vargas,Masculino,0
Ricardo Rodrguez,Masculino,0
Ricardo Rojas Mejia,Masculino,0
Ricardo Scheffler Spamer,Masculino,0
Ricardo Velarde,Masculino,0
Riccardo Olavarrieta Navarro,Masculino,0
Rigoberto Prez Amavisca,Masculino,0
Rita Medrano Muoz,Femenino,0
Rmulo Bouzas Rodrguez,Masculino,0
Robert Villaseor Rojas,Masculino,0
Roberto Aceves Villagrn,Masculino,0
Roberto Adolfo Alvrez Hojel,Masculino,0
Roberto Alejandro Tams Perea,Masculino,0
Roberto Altamirano Snchez,Masculino,0
Roberto Alva,Masculino,0
Roberto Brito,Masculino,0
Roberto C. Vials Contreras,Masculino,0
Roberto Carmona Alba,Masculino,0
Roberto Carmona Botella,Masculino,0
Roberto Cervantes,Masculino,0
Roberto Colliard,Masculino,0
Roberto Friedrich,Masculino,0
Roberto Heinze Flamand II,Masculino,0
Roberto Heinze Hauser,Masculino,0
Roberto Jos Elas Orozco,Masculino,0
Roberto Lauderdale Navarro,Masculino,0
Roberto Madrigal Garca,Masculino,0
Roberto Procel,Masculino,0
Roberto Retolaza Romero,Masculino,0
Roberto Silva Martnez,Masculino,0
Roberto Sloane,Masculino,0
Roberto Snchez Ramrez,Masculino,0
Roberto Strauss,Masculino,0
Roberto Vallejo,Masculino,0
"Robison Merrell ""Robin"" Pratt Hinton",Masculino,0
Rodolfo Choperena Irizarri,Masculino,1
Rodolfo Daz Mercado,Masculino,0
Rodolfo Dvila Crdenas,Masculino,0
Rodolfo Eduardo Cazaubn Rincn,Masculino,0
Rodolfo Flores Garca,Masculino,0
Rodolfo Gilbert Pizarro Thomas,Masculino,0
Rodolfo Gmez Orozco,Masculino,0
Rodolfo Guerra Mercado,Masculino,0
Rodolfo Hernndez Vzquez,Masculino,0
Rodolfo Lombardo Ontiveros Gmez,Masculino,0
Rodolfo Mijares Garza,Masculino,0
Rodolfo Perea Cifuentes,Masculino,0
Rodolfo Santilln Raygoza,Masculino,0
Rodolfo Vitela Arvalo,Masculino,0
Rodrigo Diego Lpez,Masculino,0
Rodrigo Gonzlez Lpez,Masculino,0
Rodrigo Gonzlez Sesma,Masculino,0
Rogelia Romo Garca,Femenino,0
Rogelio Mendoza Rojas,Masculino,0
Rogelio Reyes,Masculino,0
Rogelio Ruiz Vaquera,Masculino,0
Rogelio Weatherbee,Masculino,0
Rolando Chvez Martnez,Masculino,0
Rolando Rubalcava Pea,Masculino,0
Rommel Agmed Pacheco Manrufo,Masculino,0
Romn Gmez,Masculino,0
Rosa Fuentes,Femenino,0
Rosa Gutirrez de Pardo,Femenino,0
Rosa Irene Campos Prez,Femenino,0
Rosa del Carmen Pea Rocamontes,Femenino,0
Rosa del Moral,Femenino,0
Rosalinda Puente,Femenino,0
Rosario Briones,Femenino,0
Rub Marlene Sandoval Nungaray,Femenino,0
Rubn Alcala,Masculino,0
Rubn Almanza Garca,Masculino,0
Rubn Camacho Salas,Masculino,0
Rubn Lira Aviles,Masculino,0
Rubn Uriza Castro,Masculino,2
Rubn Vasconcelos Dueas,Masculino,0
Ruth del Carmen Grajeda Gonzlez,Femenino,0
SALAS MARIN Maria Estela,Female,0
SANCHEZ DOMINGUEZ Belen Montserrat,Female,0
SANCHEZ MARTINEZ Gustavo,Male,0
SANCHEZ REYES Eduardo,Male,0
SIGALA LOPEZ Edith,Female,0
SOMELLERA MANDUJANO Naomi,Female,0
Sabino Islas Jimenez,Masculino,0
Sabino Tirado,Masculino,0
Sal Gutirrez Macedo,Masculino,0
Salvador Alans Duque,Masculino,0
Salvador Garca Snchez,Masculino,0
Salvador Hernndez,Masculino,0
Salvador Mrquez Ramos,Masculino,0
Salvador Rios,Masculino,0
Salvador Ruz de Chvez Ochoa,Masculino,0
Salvador Sobrino,Masculino,0
Salvador Surez Colin,Masculino,0
Sammantha Teuscher,Femenino,0
Samuel Campis,Masculino,0
Samuel Crdova Arvizu,Masculino,0
Samuel Flix Miranda,Masculino,0
Samuel lvarez,Masculino,0
Sandra Lpez Reyes,Femenino,0
Sandra Rojas Gutirrez,Femenino,0
Sandra Tavres Batista,Femenino,0
Sandra del Castillo,Femenino,0
Santiago Gonzlez Torre,Masculino,0
Santiago Hernndez,Masculino,0
Santiago Hernndez Mier y Teran,Masculino,0
Santiago Lambre Della Groce,Masculino,0
Santiago Plaza,Masculino,0
Sara Guido (-Salazar),Femenino,0
Sergio Amaury Ponce Villegas,Masculino,0
Sergio Escobedo Garduo,Masculino,0
Sergio Lozano Aguilar,Masculino,0
Sergio Olgun Fierro,Masculino,0
Sergio Ramos Orio,Masculino,0
Sergio Salazar Salazar,Masculino,0
Sergio Salvador Goldschmied Rodrguez,Masculino,0
Sergio Vsquez Allatore,Masculino,0
Silvia Belmar Bohigas,Femenino,0
Silvia de Tapia,Femenino,0
Silviano Delgado Valladolid,Masculino,0
Silvio Hernndez del Valle,Masculino,1
Sonia Arredondo,Femenino,0
Sonia Crdeas Saavedra,Femenino,0
Soraya Jimnez Mendvil,Femenino,1
Stephen Christopher Saenz Villareal,Masculino,0
Susana Candini,Femenino,0
TREVINO FUERTE Ignacio,Male,0
TRONCO Cristopher,Male,0
Tamara Oynick,Femenino,0
Tamara Vega Arroyos,Femenino,0
Tania Elas Calles Wolf,Femenino,0
Tania Fierro,Femenino,0
Tania Karina Arrayales Macas,Femenino,0
Tatiana Ortz Galicia,Femenino,1
Teodoro Hernndez,Masculino,0
Teodoro Vega Morales,Masculino,0
Teresa Daz Sandi,Femenino,0
Teresa Guadalupe Worbis Aguilar,Femenino,0
Teresa Rivera Pastrana,Femenino,0
Tomas Alonso Aguilera Armendariz,Masculino,0
Trinidad Macas,Femenino,0
Urbano Zea,Masculino,0
Urbano Zea Salcido,Masculino,0
VALENZUELA ALVAREZ Rebeca,Female,1
VALLE Patricia,Female,0
VELASCO MALDONADO Daniela Eugenia,Female,0
Valentn Gonzlez Avila,Masculino,0
Valeriano Prez Garza,Masculino,0
Vanessa Martina Zambotti Barreto,Femenino,0
Vctor Hugo Borja Morca,Masculino,1
Vctor Hugo Valencia Cadena,Masculino,0
Vctor M. Garcs,Masculino,0
Vctor Manuel Contreras Pineda,Masculino,0
Vctor Manuel Estrada Garibay,Masculino,1
Vctor Manuel Garca Moreno,Masculino,0
Vctor Manuel Ruiz Limones,Masculino,0
Vctor Manuel Saucedo Carillo,Masculino,0
Vctor Manuel Villaseor Martnez de Arredondo,Masculino,0
Vctor Peralta Jimnez,Masculino,0
Vctor Rangel Ayala,Masculino,0
Vctor Rodrguez,Masculino,0
Vctor Velasco,Masculino,0
Vctoria Casas,Femenino,0
Vctorino M. Beristain,Masculino,0
Velia Eguiluz Soto,Femenino,0
Veronica Ampudia Nio de Rivera,Femenino,0
Vicente Caldern,Masculino,0
Vicente Martnez Lpez,Masculino,0
Vicente Mayagoitia,Masculino,0
Vicente Pereda Mier,Masculino,0
Vicente Samuel Saldvar Garca,Masculino,0
Victor Alfonso Guzmn Guzmn,Masculino,0
Victoria Eugenia Montero Enrquez,Femenino,0
Victoria Palacios Carillo,Femenino,0
Violeta Guzmn Magaa,Femenino,0
Virgilio Botella Medina,Masculino,0
Virginia Anchestegui Rabasa,Femenino,0
Vivian Ortz,Femenino,0
Walter Ocampo Esparza,Masculino,0
Wendy Aguilar,Femenino,0
William Fajardo,Masculino,0
Yadira Silva Llorente,Femenino,0
Yahel Ernesto Castillo Huerta,Masculino,0
Yanic Arno Gentry Torfer,Masculino,0
Yolanda Reynoso,Femenino,0
Yvonne Trevino Hayek,Femenino,0
ZARZA GUADARRAMA Gloria,Female,1
Zeno Fernndez d'Acosta,Masculino,0
Ziranda Madrigal lvarez-Ugena,Masculino,0
Zudikey Rodrguez Nez,Femenino,0
"dgar Gabriel ""Gary"" Cano Olivas",Masculino,0
gueda Prez Lpez,Femenino,0
igo Domenech,Masculino,0
"ngel ""Mudo"" Acua Lizana",Masculino,0
ngel Romero Llamas,Masculino,0
ngel Zrraga Argelles,Masculino,0
rick Estefno Torres Padilla,Masculino,0
rick Gabriel Gutirrez Galaviz,Masculino,0
rick Germain Aguirre Tafolla,Masculino,0
rika Durn Miranda,Femenino,0
rsula Sarah Gonzlez Garate,Femenino,0
scar Asiain Ruiz,Masculino,0
scar Bonfiglio Martnez,Masculino,0
scar Francisco Salazar Blanco,Masculino,1
scar Molina Casillas,Masculino,0
scar Rafael Valdz Fierro,Masculino,0
scar Soto Carrillo,Masculino,0
